CF,SFC,O2 PCT,FT,BA,OBP,GEL,SGP,SPE,TBC,EEI,SSN,ARM,NK LRCP,NK LRC,% LRCP,% LRC,BIO,LOAD
180.561737,0.685269,3.72734,800.932983,1,0,0,0,1,0,0,0,0,4767,4138,40,60,1,264.107544
180.653336,0.654011,3.528976,818.842834,1,0,0,0,1,0,0,0,0,4767,4138,40,60,1,275.500854
180.633499,0.664154,3.469848,822.735046,1,0,0,0,1,0,0,0,0,4767,4138,40,60,1,272.182739
180.465408,0.654048,3.279114,831.433167,1,0,0,0,1,0,0,0,0,4767,4138,40,60,1,275.013214
185.579422,0.664518,2.834701,834.437439,1,0,0,0,1,0,0,0,0,4767,4138,40,60,1,282.719757
185.53685,0.64398,2.66304,852.819336,1,0,0,0,1,0,0,0,0,4767,4138,40,60,1,287.346069
185.538193,0.653682,3.061676,823.034607,1,0,0,0,0,0,0,0,0,4767,0,100,0,1,281.661316
183.614304,0.632254,2.643966,844.06842,1,0,0,0,0,0,0,0,0,4767,0,100,0,1,287.346069
183.484314,0.632091,2.386474,857.65686,1,0,0,0,0,0,0,0,0,4767,0,100,0,1,289.094269
183.479645,0.642213,2.586746,860.683655,1,0,0,0,0,0,0,0,0,4767,0,100,0,1,287.07251
187.572235,0.645962,1.902008,880.117615,0,0,0,0,0,1,0,0,0,0,4045,0,100,1,290.521393
187.534851,0.648662,2.186203,876.465576,0,0,0,0,0,1,0,0,0,0,4045,0,100,1,288.416382
187.514343,0.646832,2.073669,868.262268,0,0,1,0,0,0,0,0,0,0,4439,0,100,2,289.498627
187.573349,0.647052,1.80664,876.360229,0,0,1,0,0,0,0,0,0,0,4439,0,100,2,291.163605
175.991837,0.637611,3.887558,847.884094,0,0,0,1,0,0,0,0,0,0,4523,0,100,2,275.465149
176.041443,0.678899,4.534149,849.996704,0,0,0,1,0,0,0,0,0,0,4523,0,100,2,259.160156
176.04335,0.784308,5.113983,756.429199,0,0,1,0,0,0,0,0,0,0,4439,0,100,2,224.766235
190.511566,0.762403,3.546143,860.171204,0,0,1,0,0,0,0,0,0,0,4439,0,100,2,248.266373
190.538635,0.721289,2.767944,896.693176,1,0,0,0,0,0,1,0,0,4767,4076,20,80,2,263.881592
190.538773,0.690948,2.615356,878.689087,1,0,0,0,0,0,1,0,0,4767,4076,20,80,2,275.310547
190.533951,0.670647,2.548599,873.822449,1,0,0,0,0,0,1,0,0,4767,4076,20,80,2,283.492767
190.536346,0.722582,3.19519,828.627563,1,0,0,0,0,0,1,0,0,4767,4076,20,80,2,265.166016
190.49765,0.733959,3.424072,827.427551,1,0,0,0,0,0,1,0,0,4767,4076,20,80,2,261.360291
190.609634,0.742902,3.183746,826.227844,1,0,0,0,0,0,1,0,0,4767,4076,20,80,2,259.172028
190.512238,0.732313,3.384018,830.428406,1,0,0,0,0,0,1,0,0,4767,4076,20,80,2,259.231506
190.515961,0.701903,3.385925,843.964111,1,0,0,0,0,0,1,0,0,4767,4076,20,80,2,274.252075
190.460907,0.671205,2.870941,866.640259,0,0,0,1,0,0,0,0,0,0,4523,0,100,2,283.79007
190.613434,0.661084,2.388381,882.448975,0,0,0,1,0,0,0,0,0,0,4523,0,100,2,291.353912
190.570053,0.681605,2.586746,878.99353,0,0,0,1,0,0,0,0,0,0,4523,0,100,2,277.903168
190.584686,0.714406,3.2238,856.842285,1,0,0,0,0,0,0,0,0,4767,0,100,0,2,265.629822
190.606201,0.72587,3.183746,845.065369,1,0,0,0,0,0,0,0,0,4767,0,100,0,2,261.181915
181.622162,0.774648,4.087829,816.737122,1,0,0,0,0,0,0,0,0,4767,0,100,0,2,233.174454
181.583298,0.743682,4.059219,822.72345,0,0,1,0,0,0,0,0,0,0,4439,0,100,2,245.66188
184.540375,0.693927,3.23143,846.468628,0,0,1,0,0,0,0,0,0,0,4439,0,100,2,265.237366
176.104309,0.739389,4.951859,818.232788,1,0,0,0,0,0,0,0,0,4767,0,100,0,2,238.098068
169.24054,0.751348,5.508804,787.249695,1,0,0,0,0,0,0,0,0,4767,0,100,0,2,225.812836
171.101654,0.773493,5.512619,787.055786,1,0,0,0,0,0,0,0,0,4767,0,100,0,1,221.804947
171.05127,0.790113,5.596542,779.350708,0,0,1,0,0,0,0,0,0,0,4439,0,100,1,216.322403
165.531952,0.833414,6.660842,768.412415,0,0,1,0,0,0,0,0,0,0,4439,0,100,1,197.353409
165.60994,0.817112,5.825424,784.68335,0,0,1,0,0,0,0,0,0,0,4439,0,100,1,200.71907
165.656586,0.774077,5.522155,761.526367,0,0,1,0,0,0,0,0,0,0,4439,0,100,1,214.288727
158.783493,0.776746,6.016159,745.937439,0,0,1,0,0,0,0,0,0,0,4439,0,100,1,204.144196
154.681824,0.743607,6.185913,730.698792,0,0,1,0,0,0,0,0,0,0,4439,0,100,1,207.70015
156.566162,0.764464,6.19545,721.05542,0,0,1,0,0,0,0,0,0,0,4439,0,100,1,203.549561
166.593933,0.847951,5.846405,747.597595,0,0,1,0,0,0,0,0,0,0,4439,0,100,1,194.487274
162.574844,0.727661,4.951859,804.496338,0,0,1,0,0,0,0,0,0,0,4439,0,100,1,226.193436
166.587906,0.781921,5.682373,747.99292,0,0,0,1,0,0,0,0,0,0,4536,0,100,1,210.590103
168.652267,0.771387,5.39627,762.410583,0,0,0,1,0,0,0,0,0,0,4536,0,100,1,219.010193
163.646591,0.794552,5.701447,777.768311,1,0,0,1,0,0,0,0,0,4676,4520,20,80,1,205.012375
168.58165,0.899778,6.288909,723.683411,1,0,0,1,0,0,0,0,0,4676,4520,20,80,1,186.043411
158.155579,0.903328,6.887817,709.001465,1,0,0,1,0,0,0,0,0,4676,4520,20,80,1,174.031693
158.226105,0.798645,6.56166,732.352966,1,0,0,1,0,0,0,0,0,4676,4520,20,80,1,200.148209
158.110687,0.850703,6.798171,724.458557,1,0,0,1,0,0,0,0,0,4676,4520,20,80,1,186.423981
158.194809,0.871202,7.376098,723.582275,1,0,0,1,0,0,0,0,0,4676,4520,20,80,1,180.001877
164.094742,0.800558,6.147766,758.875,1,0,0,1,0,0,0,0,0,4676,4520,20,80,1,206.439499
165.243073,0.786274,6.166839,754.459839,1,0,0,0,0,0,0,1,0,4676,4069,50,50,1,212.124252
165.389496,0.764869,5.966567,778.952209,1,0,0,0,0,0,0,1,0,4676,4069,50,50,1,215.406631
165.473785,0.74287,5.445862,804.198303,1,0,0,0,0,0,0,1,0,4676,4069,50,50,1,223.481873
159.815582,0.686443,5.634689,811.656677,1,0,0,0,0,0,0,1,0,4676,4069,50,50,1,231.592712
163.811707,0.676901,5.407715,809.46344,1,0,0,0,0,0,0,1,0,4676,4069,50,50,1,241.368591
173.787811,0.739992,4.619979,860.264343,1,0,0,0,0,0,0,1,0,4676,4069,50,50,1,237.788849
173.770142,0.720734,4.801178,834.922913,1,0,0,0,0,0,0,1,0,4676,4069,50,50,1,241.939423
173.76593,0.807867,5.672836,794.170654,1,0,0,0,0,0,0,1,0,4676,4069,50,50,1,212.909164
171.726944,0.941421,6.899261,737.150635,1,0,0,0,0,0,0,1,0,4676,4069,50,50,1,182.868011
169.617966,0.848365,6.054307,773.44574,1,0,0,0,0,0,0,1,0,4676,4069,50,50,1,199.434647
170.127945,0.922994,6.28128,757.323669,1,0,0,0,0,0,0,1,0,4676,4069,50,50,1,185.567688
172.104233,0.766061,4.915618,796.080444,1,0,0,0,0,0,0,1,0,4676,4069,50,50,1,223.684021
172.808029,0.756148,5.075836,840.465393,1,0,0,0,0,0,0,1,0,4676,4069,50,50,1,226.240936
172.747467,0.798295,5.710983,805.711853,1,0,0,0,0,0,0,1,0,4676,4069,50,50,1,216.51268
172.767395,0.800605,5.424881,793.99939,1,0,0,0,0,0,0,1,0,4676,4069,50,50,1,217.000275
175.049332,0.740025,4.64859,826.343323,1,0,0,0,0,0,0,1,0,4676,4069,50,50,1,236.777954
175.080597,0.790093,5.33142,795.291382,1,0,0,0,0,0,0,1,0,4676,4069,50,50,1,220.032944
175.113831,0.685406,4.457855,841.669861,1,0,0,0,0,0,0,1,0,4676,4069,50,50,1,254.843079
169.131042,0.696723,5.398178,794.102356,1,0,0,0,0,0,0,1,0,4676,4069,50,50,1,239.644119
174.050858,0.68427,4.856491,823.345886,1,0,0,0,0,0,0,1,0,4676,4069,50,50,1,251.406113
174.031021,0.685061,4.694366,842.469238,1,0,0,0,0,0,0,1,0,4676,4069,50,50,1,254.617126
174.049652,0.663456,4.314804,854.237427,1,0,0,0,0,0,0,1,0,4676,4069,50,50,1,265.142242
174.093613,0.64381,4.164123,849.102783,1,0,0,0,0,0,0,1,0,4676,4069,50,50,1,267.829987
174.089935,0.664725,4.419708,834.345032,1,0,0,0,0,0,0,1,0,4676,4069,50,50,1,263.001526
174.082397,0.654689,4.478836,834.345032,1,0,0,0,0,0,0,1,0,4676,4069,50,50,1,263.679443
174.120605,0.644216,4.240417,843.477417,1,0,0,0,0,0,0,1,0,4676,4069,50,50,1,267.461334
174.147995,0.644397,4.14505,848.000305,1,0,0,0,0,0,0,1,0,4610,4069,50,50,1,270.43454
174.062424,0.644612,3.954315,848.000305,1,0,0,0,0,0,0,1,0,4610,4069,50,50,1,270.244232
174.094208,0.634544,4.116439,856.051453,1,0,0,0,0,0,0,1,0,4610,4069,50,50,1,270.862671
174.00676,0.665535,4.14505,854.946655,1,0,0,0,0,0,0,1,0,4610,4069,50,50,1,262.490143
174.088104,0.655174,4.26712,868.881042,1,0,0,0,0,0,0,1,0,4610,4069,50,50,1,265.534668
174.127808,0.696332,4.610443,829.447327,1,0,0,0,0,0,0,1,0,4610,4069,50,50,1,249.419998
174.066132,0.820405,6.016159,812.08197,1,0,0,0,0,0,0,1,0,4610,4069,50,50,1,211.8983
174.055191,0.716063,5.075836,855.051453,1,0,0,0,0,0,0,1,0,4610,4069,50,50,1,240.512329
174.14563,0.675781,4.70581,857.773438,1,0,0,0,0,0,0,1,0,4610,4069,50,50,1,256.377258
174.01828,0.759504,5.369567,819.453003,1,0,0,0,0,0,0,1,0,4610,4069,50,50,1,228.310287
174.044342,0.810481,5.865479,812.575867,1,0,0,0,0,0,0,1,0,4610,4069,50,50,1,214.336304
176.564255,0.822561,5.693817,803.02948,1,0,0,0,0,0,0,0,0,4610,0,0,100,1,214.431442
182.49234,0.792071,5.255127,826.643188,1,0,0,0,0,0,0,0,0,4610,0,0,100,1,230.70076
182.596298,0.741087,4.761124,841.669861,1,0,0,0,0,0,0,0,0,4610,0,0,100,1,246.708435
182.501526,0.772943,4.675293,781.047791,1,0,0,0,0,0,0,0,0,4610,0,0,100,1,237.44397
182.535248,0.749581,4.715347,820.65033,1,0,0,0,0,0,0,0,0,4610,0,0,100,1,241.356705
182.531433,0.738764,4.23851,838.659424,1,0,0,0,0,0,0,0,0,4610,0,0,100,1,249.372421
182.560822,0.696158,4.034423,835.246765,1,0,0,0,0,0,0,0,0,4610,0,0,100,1,263.275055
182.660019,0.6862,4.240417,823.94519,1,0,0,0,0,0,0,0,0,4610,0,0,100,1,264.190826
182.554718,0.687226,4.040145,846.793518,1,0,0,0,0,0,0,0,0,4610,0,0,100,1,266.581268
182.564056,0.720387,4.448318,832.946655,1,0,0,0,0,1,0,0,0,4610,4057,25,75,1,250.514099
175.84079,0.729557,4.875564,802.628357,1,0,0,0,0,1,0,0,0,4610,4057,25,75,1,240.524185
172.501099,0.771509,5.390549,782.426453,1,0,0,0,0,1,0,0,0,4610,4057,25,75,1,224.076508
173.647324,0.820236,6.071472,756.146301,1,0,0,0,0,1,0,0,0,4610,4057,25,75,1,210.019226
173.608337,0.729864,5.207443,809.291443,1,0,0,0,0,1,0,0,0,4610,4057,25,75,1,237.919693
175.739456,0.994193,6.519699,703.595642,1,0,0,0,0,1,0,0,0,4610,4057,25,75,1,177.516281
197.701569,0.811778,3.546143,843.373047,1,0,0,1,0,0,0,0,0,4610,4536,25,75,3,241.772934
168.870697,0.75596,5.255127,759.679443,1,0,0,1,0,0,0,0,0,4610,4536,25,75,3,223.196426
169.442245,0.862154,6.424331,771.774902,1,0,0,1,0,0,0,0,0,4610,4536,25,75,3,196.509048
169.65242,0.732696,5.15213,771.286316,1,0,0,1,0,0,0,0,0,4610,4536,25,75,3,233.317139
172.121307,0.700964,4.885101,784.30719,1,0,0,0,0,1,0,0,0,4610,4057,25,75,3,244.627182
172.177261,0.701787,5.056763,801.540161,1,0,0,0,0,1,0,0,0,4610,4057,25,75,3,244.793671
174.531372,0.764023,5.398178,752.718018,1,0,0,0,0,1,0,0,0,4610,4057,25,75,3,226.181488
170.863586,0.710513,4.808807,758.603394,1,0,0,0,0,1,0,0,0,4610,4057,25,75,3,241.725357
174.763763,0.617547,3.536605,819.752197,1,0,0,0,0,1,0,0,0,4610,4057,25,75,3,282.52948
174.734985,0.63731,3.849411,820.051575,1,0,0,0,0,1,0,0,0,4610,4057,25,75,3,275.465149
174.84436,0.636694,3.736877,823.345886,1,0,0,0,0,1,0,0,0,4610,4057,25,75,3,275.013214
174.877945,0.617135,3.555679,838.960388,1,0,0,0,0,1,0,0,0,4610,4057,25,75,3,284.027954
178.307678,0.683342,4.618073,835.952209,1,0,0,0,0,1,0,0,0,4610,4057,25,75,3,260.884613
181.876175,0.630868,2.975845,824.544495,1,0,0,0,0,1,0,0,0,4610,4057,25,75,3,285.383728
181.685486,0.630834,2.66304,821.548584,1,0,0,0,0,1,0,0,0,4610,4057,25,75,3,289.225067
181.621323,0.661071,3.052139,802.135742,1,0,0,0,0,1,0,0,0,4610,4057,25,75,3,274.121277
181.854782,0.6608,2.97966,786.976013,1,0,0,0,0,0,0,1,0,4676,4069,50,50,3,276.143036
181.623474,0.671201,3.403091,800.646729,1,0,0,0,0,0,0,1,0,4676,4069,50,50,3,268.924133
181.690567,0.660754,3.157043,803.327393,1,0,0,0,0,0,0,1,0,4676,4069,50,50,3,274.918091
181.603058,0.661196,3.366852,813.770874,1,0,0,0,0,0,0,1,0,4676,4069,50,50,3,274.84671
181.625519,0.65108,3.137969,813.472168,1,0,0,0,0,0,0,1,0,4676,4069,50,50,3,280.781219
181.68045,0.641208,3.2238,834.449097,1,0,0,0,0,0,0,1,0,4676,4069,75,25,3,282.52948
181.742111,0.641622,2.689743,824.844299,1,0,0,0,0,0,0,1,0,4676,4069,75,25,3,284.42041
181.778656,0.654104,3.16658,811.978516,1,0,0,0,0,0,0,1,0,4676,4069,75,25,3,275.940887
183.65152,0.643878,2.577209,830.844238,1,0,0,0,0,0,0,1,0,4676,4069,75,25,2,286.632446
183.677567,0.633654,2.567673,835.350891,1,0,0,0,0,0,0,0,0,4676,0,100,0,2,287.869293
183.651581,0.644,2.357864,844.38147,1,0,0,0,0,0,0,0,0,4676,0,100,0,2,286.727631
183.62439,0.651234,2.796555,838.46283,1,0,0,0,0,0,0,0,0,4676,0,100,0,2,285.098267
183.668976,0.661873,3.052139,842.782166,1,0,0,0,0,0,0,0,0,4676,0,100,0,2,278.259949
183.47171,0.661916,3.063583,858.890808,1,0,0,0,0,0,0,1,0,4676,4069,75,25,2,274.894287
183.610519,0.661552,2.664947,832.057129,1,0,0,0,0,0,0,1,0,4676,4069,75,25,2,279.580078
183.748657,0.651181,2.169037,829.35498,1,0,0,0,0,0,0,1,0,4676,4069,75,25,2,283.671143
179.049286,0.632369,2.510452,843.187866,1,0,0,0,0,0,0,1,0,4676,4069,75,25,2,281.649414
179.098526,0.645605,2.813721,838.069336,1,0,0,0,0,0,0,1,0,4676,4069,75,25,2,278.961639
179.067734,0.65608,2.832794,803.637024,1,0,0,0,0,0,0,1,0,4676,4069,75,25,2,272.95575
179.139282,0.645861,2.796555,844.39325,0,0,0,0,0,0,0,0,1,0,4202,0,100,2,278.034027
179.178345,0.646053,2.909088,837.768494,0,0,0,0,0,0,0,0,1,0,4202,0,100,2,276.321411
179.234055,0.647012,2.653503,854.051697,0,0,0,0,0,0,0,0,1,0,4202,0,100,2,277.903168
169.647369,0.631751,4.106903,838.566956,0,0,0,0,0,0,0,0,1,0,4202,0,100,2,269.102509
176.596802,0.640623,3.6129,853.94696,0,0,0,0,0,0,0,0,1,0,4202,0,100,2,276.844727
176.62262,0.651249,3.66249,868.986145,0,0,0,0,0,0,0,0,1,0,4202,0,100,2,268.68631
176.523193,0.651274,3.944778,848.708313,0,0,0,0,0,0,0,0,1,0,4202,0,100,2,268.924133
176.679855,0.631415,3.668213,859.694092,0,0,0,0,0,0,0,0,1,0,4202,0,100,2,282.351105
176.620605,0.630926,3.69873,851.227966,0,0,0,0,0,0,0,0,1,0,4202,0,100,2,279.461151
176.58551,0.630838,3.963852,846.700928,0,0,0,0,0,0,0,0,1,0,4202,0,100,2,278.259949
176.646393,0.641795,3.72734,848.511047,0,0,0,0,0,0,0,0,1,0,4202,0,100,2,275.536499
176.592163,0.631295,3.689194,853.040466,0,0,0,0,0,0,0,0,1,0,4202,0,100,2,280.008179
176.634384,0.630716,3.715897,862.722656,0,0,0,0,0,0,0,0,1,0,4202,0,100,2,281.114227
176.564667,0.640952,3.603363,854.551514,0,0,0,0,0,0,0,0,1,0,4202,0,100,2,278.248077
176.610321,0.630824,3.517532,852.436157,0,0,0,0,0,0,0,0,1,0,4202,0,100,2,277.653412
182.468506,0.640976,2.975845,848.511047,0,0,0,0,0,0,0,0,1,0,4115,0,100,2,284.896118
182.48735,0.702536,3.784561,834.160278,0,0,0,0,0,0,0,0,1,0,4115,0,100,2,260.135406
182.641678,0.704008,3.69873,833.559265,0,0,0,0,0,0,0,0,1,0,4115,0,100,2,260.51593
174.584045,0.713044,4.438781,828.754761,0,0,0,0,0,0,0,0,1,0,4115,0,100,2,244.520172
174.549271,0.722306,4.639053,828.754761,0,0,0,0,0,0,0,0,1,0,4115,0,100,2,241.225861
176.549667,0.70233,4.307174,838.972107,0,0,0,0,0,0,0,0,1,0,4115,0,100,2,250.633026
176.540588,0.712571,4.26712,846.097717,0,0,0,0,0,0,0,0,1,0,4115,0,100,2,247.814484
176.594818,0.661178,4.171753,854.958496,0,0,0,0,0,0,0,0,1,0,4115,0,100,2,265.40387
179.517212,0.722689,4.284286,826.654907,0,0,0,0,0,0,0,0,1,0,4115,0,100,2,247.207932
180.604584,0.731933,3.982925,797.68219,0,0,0,0,0,0,0,0,1,0,4115,0,100,2,247.540924
180.549713,0.690976,3.782654,807.512878,0,0,0,0,0,0,0,0,1,0,4115,0,100,2,262.157135
180.5233,0.66064,3.269577,817.266602,0,0,0,0,0,0,0,0,1,0,4115,0,100,2,274.28775
180.543228,0.65046,3.378296,823.253784,0,0,0,0,0,0,0,0,1,0,4115,0,100,2,280.448212
182.629944,0.630119,3.052139,807.707886,0,0,0,0,0,0,0,0,1,0,4115,0,100,2,291.746338
182.525192,0.629955,2.918625,810.990906,0,0,0,0,0,0,0,0,1,0,4115,0,100,2,293.01889
181.583191,0.623297,3.052139,828.154724,0,0,0,0,0,0,0,0,1,0,4115,0,100,2,288.071472
181.502975,0.633377,3.271484,841.577332,1,0,0,0,0,1,0,0,0,4665,4057,50,50,2,287.619568
181.571915,0.623171,2.966309,828.050781,1,0,0,0,0,1,0,0,0,4665,4057,50,50,2,291.544189
181.45459,0.622031,3.080749,834.657349,1,0,0,0,0,1,0,0,0,4665,4057,50,50,2,290.604675
181.50769,0.632243,3.221893,838.266052,1,0,0,0,0,1,0,0,0,4665,4057,50,50,2,288.630432
181.605408,0.622042,3.212357,823.956909,1,0,0,0,0,1,0,0,0,4665,4057,50,50,2,289.296448
182.498352,0.646364,4.257584,846.294861,1,0,0,0,0,1,0,0,0,4665,4057,50,50,2,281.55423
180.475952,0.69793,4.961395,838.763672,1,0,0,0,0,1,0,0,0,4665,4057,50,50,2,257.911438
180.570526,0.697885,4.618073,843.083496,1,0,0,0,0,1,0,0,0,4665,4057,50,50,2,261.098694
180.629608,0.646374,4.537963,853.644775,1,0,0,0,0,1,0,0,0,4665,4057,50,50,2,279.413544
180.494659,0.635982,4.509354,865.147522,1,0,0,0,0,1,0,0,0,4665,4057,50,50,2,280.579071
180.490662,0.676316,5.049133,850.624023,1,0,0,0,0,1,0,0,0,4665,4057,50,50,2,266.046082
180.581207,0.644163,4.143142,873.238281,1,0,0,0,0,1,0,0,0,4665,4057,50,50,2,280.590942
180.620499,0.633319,4.166031,865.450623,1,0,0,0,0,1,0,0,0,4665,4057,50,50,2,286.275665
180.512604,0.634044,4.372024,853.842285,1,0,0,0,0,1,0,0,0,4665,4057,50,50,2,283.766327
180.508163,0.634225,4.049683,870.913086,1,0,0,0,0,1,0,0,0,4665,4057,50,50,2,282.541351
180.557816,0.696905,4.646682,849.61377,1,0,0,0,0,1,0,0,0,4665,4057,50,50,2,260.646729
180.575226,0.706085,4.589462,834.657349,1,0,0,0,0,1,0,0,0,4665,4057,50,50,2,254.510086
176.505753,0.667481,3.97911,810.990906,1,0,0,0,0,0,0,0,0,4665,0,100,0,2,263.72702
178.968933,0.710236,4.505539,803.235901,1,0,0,0,0,0,0,0,0,4665,0,100,0,2,252.167191
191.498093,0.743017,3.507996,793.416626,1,0,0,0,0,0,0,0,0,4665,0,100,0,2,259.790497
195.557648,0.765903,4.068756,796.881226,1,0,0,0,0,1,0,0,0,4665,4057,50,50,2,254.15329
195.509293,0.756628,4.068756,819.660339,1,0,0,0,0,1,0,0,0,4665,4057,50,50,2,257.316803
195.280396,0.768036,4.152679,814.276794,1,0,0,0,0,1,0,0,0,4665,4057,50,50,2,257.72113
195.554504,0.752501,3.954315,844.787354,1,0,0,0,0,1,0,0,0,4665,4057,50,50,2,260.920319
195.347992,0.773929,4.030609,830.047607,1,0,0,0,0,1,0,0,0,4665,4057,50,50,2,249.122665
195.482529,0.783726,4.244232,818.164124,1,0,0,0,0,1,0,0,0,4665,4057,50,50,2,250.002747
195.523148,0.722558,3.384018,849.010132,1,0,0,0,0,1,0,0,0,4665,4057,50,50,2,271.100525
195.581299,0.712432,3.708267,842.481018,0,0,0,0,0,0,0,0,1,0,4202,0,100,2,273.265015
195.474365,0.692676,3.10936,856.865845,0,0,0,0,0,0,0,0,1,0,4202,0,100,2,283.100342
180.446014,0.672656,4.51889,803.831787,0,0,0,0,0,0,0,0,1,0,4202,0,100,2,266.747772
180.716156,0.671827,4.496002,811.783264,0,0,0,0,0,0,0,0,1,0,4202,0,100,2,268.460297
179.728409,0.735317,5.503082,777.996277,0,0,0,0,0,0,0,0,1,0,4115,0,100,2,241.737244
149.705414,0.733821,7.112884,778.588135,0,0,0,0,0,0,0,0,1,0,4115,0,100,2,204.477188
163.073654,0.733747,6.466293,794.60553,1,0,0,0,0,0,0,1,0,4665,4052,50,50,2,222.20932
167.747055,0.660846,5.142593,803.041138,1,0,0,0,0,0,0,1,0,4665,4052,50,50,2,254.046265
173.83403,0.681649,4.797363,800.853027,1,0,0,0,0,0,0,1,0,4665,4052,50,50,2,255.889679
178.490356,0.785933,5.510712,777.210999,0,0,0,0,0,0,0,1,0,0,4052,0,100,2,227.085373
179.504211,0.774533,5.207443,797.384705,0,0,0,0,0,0,0,1,0,0,4052,0,100,2,232.484665
179.458664,0.722998,4.686737,763.227234,0,0,0,0,0,0,0,1,0,0,4052,0,100,2,249.788651
179.701706,0.763883,4.467391,744.989319,0,0,0,0,0,0,0,0,1,0,4202,0,100,2,233.150681
177.277893,0.744835,4.709625,756.452026,0,0,0,0,0,0,0,0,1,0,4202,0,100,2,236.314117
186.892685,0.75599,4.110718,791.337158,0,0,0,0,0,0,0,0,1,0,4202,0,100,2,246.339783
201.529236,0.765106,3.374481,820.362671,1,0,0,0,0,0,0,0,1,4665,4202,50,50,2,262.799347
201.655563,0.764155,3.393554,836.866089,1,0,0,0,0,0,0,0,1,4665,4202,50,50,2,267.36618
198.614807,0.80532,3.982925,805.723511,1,0,0,0,0,0,0,0,1,4665,4202,50,50,2,248.7659
196.624008,0.733282,3.603363,838.069336,0,0,0,0,0,0,0,0,1,0,4202,0,100,2,266.438568
196.732864,0.734081,3.460312,831.756775,0,0,0,0,0,0,0,0,1,0,4202,0,100,2,268.353271
196.597702,0.743838,3.555679,835.663269,0,0,0,0,0,0,0,0,1,0,4202,0,100,2,262.632843
196.664459,0.796817,3.906631,833.859741,0,0,0,0,0,0,0,0,1,0,4202,0,100,2,245.566696
196.471497,0.795611,3.858948,820.662048,0,0,0,0,0,0,0,0,1,0,4202,0,100,2,245.733231
196.466217,0.765717,3.458404,825.155762,0,0,0,0,0,0,0,0,1,0,4202,0,100,2,257.64978
196.442291,0.778567,3.445053,828.65094,0,0,0,0,0,0,0,0,1,0,4202,0,100,2,253.213776
196.469482,0.737509,3.252411,830.855957,1,0,0,0,0,0,0,1,0,4665,4052,50,50,2,266.771545
196.459625,0.727711,3.042602,842.886536,1,0,0,0,0,0,0,1,0,4665,4052,50,50,2,267.865662
180.108734,0.778794,5.360031,801.551758,1,0,0,0,0,0,0,1,0,4665,4052,50,50,2,231.497589
176.170914,0.834475,5.74913,778.690674,1,0,0,0,0,0,0,1,0,4665,4052,40,60,2,212.671326
195.674957,0.760414,3.72734,832.958374,1,0,0,0,0,0,0,1,0,4665,4052,40,60,2,255.794525
197.350311,0.805079,3.849411,832.553894,1,0,0,0,0,0,0,1,0,4665,4052,40,60,2,244.199036
196.52475,0.795801,3.660583,825.351746,1,0,0,0,0,0,0,1,0,4665,4052,40,60,2,245.816498
196.520264,0.817516,4.059219,823.853088,1,0,0,0,0,0,0,1,0,4665,4052,40,60,2,240.27446
194.285187,0.830161,4.448318,783.030579,1,0,0,0,0,0,0,1,0,4665,4052,40,60,2,232.306274
183.626785,0.809485,4.135513,775.037964,1,0,0,0,0,0,0,1,0,4665,4052,40,60,2,225.456039
180.931778,0.819463,4.667663,727.707214,1,0,0,0,0,0,0,1,0,4665,4052,40,60,2,220.282684
187.782318,0.827954,4.534149,731.216614,1,0,0,0,0,0,0,1,0,4665,4052,40,60,2,225.408463
191.069336,0.765549,3.868484,781.253052,1,0,0,0,0,0,0,1,0,4665,4052,40,60,2,250.751968
191.675797,0.787303,3.775024,778.588135,1,0,0,0,0,0,0,1,0,4665,4052,20,80,2,245.067245
195.428238,0.849249,4.042053,777.108521,1,0,0,0,0,0,0,1,0,4665,4052,20,80,2,230.094238
195.503891,0.828797,4.438781,775.33374,1,0,0,0,0,0,0,1,0,4665,4052,20,80,2,235.469757
195.499847,0.818145,4.164123,791.337158,1,0,0,0,0,0,0,1,0,4665,4052,20,80,2,237.087173
195.514374,0.827682,4.154587,791.143005,1,0,0,0,0,0,0,1,0,4665,4052,20,80,2,237.455856
197.3358,0.785784,3.944778,806.812988,1,0,0,1,0,0,0,0,0,4665,4536,50,50,2,253.261353
197.392639,0.755259,3.603363,809.199768,1,0,0,1,0,0,0,0,0,4665,4536,50,50,2,260.753784
197.175293,0.873823,4.352951,795.794678,1,0,0,1,0,0,0,0,0,4665,4536,50,50,2,224.873306
197.230408,0.885931,4.467391,787.877686,1,0,0,1,0,0,0,0,0,4665,4536,50,50,2,221.804947
197.23671,0.845686,4.135513,809.601563,1,0,0,1,0,0,0,0,0,4665,4536,50,50,2,235.45787
197.347229,0.796142,4.122161,813.185059,1,0,0,1,0,0,0,0,0,4665,4536,50,50,2,247.243622
197.341049,0.754868,3.460312,829.655151,1,0,0,1,0,0,0,0,0,4665,4536,50,50,2,262.418762
178.815643,0.744751,4.734421,785.10553,1,0,0,1,0,0,0,0,0,4665,4536,50,50,2,238.121841
184.632813,0.7636,4.534149,808.304504,1,0,0,1,0,0,0,0,0,4665,4536,50,50,2,241.225861
195.504776,0.858582,4.543686,802.342102,1,0,0,0,0,0,0,1,0,4665,4052,20,80,2,227.894058
200.018799,0.848518,3.967667,827.750793,1,0,0,0,0,0,0,1,0,4665,4052,20,80,2,234.79184
200.080505,0.858783,4.192734,813.978027,0,0,1,0,0,0,0,0,0,0,4466,0,100,2,233.150681
200.101852,0.76555,3.19519,843.384827,0,0,1,0,0,0,0,0,0,0,4466,0,100,2,261.110565
200.112244,0.775241,3.16658,843.280457,0,0,1,0,0,0,0,0,0,0,4466,0,100,2,256.519958
200.083481,0.773312,3.204727,840.569702,0,0,1,0,0,0,0,0,0,0,4466,0,100,2,258.042236
200.08139,0.783671,3.118896,843.280457,0,0,1,0,0,0,0,0,0,0,4466,0,100,2,256.519958
200.089127,0.783659,3.261947,854.144531,0,0,1,0,0,0,0,0,0,0,4466,0,100,2,254.438736
200.103851,0.783868,3.214264,841.171936,0,0,1,0,0,0,0,0,0,0,4466,0,100,2,256.757813
200.118759,0.763084,3.071213,841.774231,0,0,1,0,0,0,0,0,0,0,4466,0,100,2,263.049103
199.441971,0.805048,3.622436,808.39624,0,0,1,0,0,0,0,0,0,0,4466,0,100,2,245.412125
193.508789,0.851055,3.906631,765.484375,0,0,1,0,0,0,0,0,0,0,4466,0,100,2,228.797928
193.476044,0.850084,4.23088,751.055847,0,0,1,0,0,0,0,0,0,0,4466,0,100,2,226.89505
193.433426,0.913466,4.656219,753.407959,0,0,1,0,0,0,0,0,0,0,4466,0,100,2,213.468155
193.477142,0.911775,4.77066,737.849548,0,0,1,0,0,0,0,0,0,0,4466,0,100,2,211.541504
193.527313,0.903288,4.70581,738.435608,0,0,1,0,0,0,0,0,0,0,4466,0,100,2,215.95372
193.482208,0.883384,4.6772,739.021729,0,0,1,0,0,0,0,0,0,0,4466,0,100,2,216.976501
193.429108,0.947188,4.942322,755.467285,0,0,0,1,0,0,0,0,0,0,4510,0,100,2,205.832962
193.445145,0.889183,4.866028,774.344238,0,0,0,1,0,0,0,0,0,0,4510,0,100,2,216.881332
193.593658,0.906193,4.990005,770.797913,0,0,0,1,0,0,0,0,0,0,4510,0,100,2,214.336304
193.599167,0.942073,5.085373,755.173035,0,0,0,1,0,0,0,0,0,0,4510,0,100,2,205.381058
195.38588,0.941139,4.894638,758.999878,0,0,0,1,0,0,0,0,0,0,4510,0,100,2,208.33046
195.330154,0.965916,5.066299,756.938782,0,0,0,1,0,0,0,0,0,0,4510,0,100,2,201.848892
195.343979,0.973118,4.875564,765.779419,0,0,0,1,0,0,0,0,0,0,4510,0,100,2,201.682373
195.281265,0.813299,4.059219,793.416626,0,0,0,1,0,0,0,0,0,0,4510,0,100,2,242.712448
195.301132,0.822531,4.106903,809.589905,0,0,0,1,0,0,0,0,0,0,4510,0,100,2,236.896881
192.521851,0.709092,3.233337,834.044434,1,0,1,0,0,0,0,0,0,4660,4087,20,80,2,272.040039
199.408478,0.72948,3.023529,840.465393,1,0,1,0,0,0,0,0,0,4660,4087,20,80,2,274.454285
199.547089,0.791809,3.64151,835.350891,1,0,1,0,0,0,0,0,0,4660,4087,20,80,2,251.322815
199.394089,0.791651,3.355408,806.904663,1,0,1,0,0,0,0,0,0,4660,4087,20,80,2,253.689484
180.922714,0.794192,4.106903,846.492004,1,0,1,0,0,0,0,0,0,4660,4087,20,80,2,227.917862
181.001984,0.812045,4.286193,840.060059,1,0,1,0,0,0,0,0,0,4660,4087,20,80,2,223.933762
166.408569,0.80166,5.438232,785.390503,1,0,1,0,0,0,0,0,0,4660,4087,20,80,2,207.093597
155.502426,0.736988,5.255127,791.919556,1,0,1,0,0,0,0,0,0,4660,4087,20,80,2,210.827942
155.056534,0.723303,5.548858,787.763367,1,0,1,0,0,0,0,0,0,4660,4087,20,80,2,215.347168
170.908051,0.721648,4.572296,833.443542,1,0,1,0,0,0,0,0,0,4660,4087,20,80,2,238.240768
194.975479,0.744278,3.132248,853.73761,1,0,1,0,0,0,0,0,0,4660,4087,20,80,2,263.834015
194.861053,0.743698,2.975845,823.345886,1,0,1,0,0,0,0,0,0,4660,4087,20,80,2,262.383118
194.925568,0.73392,3.061676,835.050232,1,0,1,0,0,0,0,0,0,4660,4087,40,60,2,265.439545
194.4319,0.76479,3.147507,820.949768,1,0,1,0,0,0,0,0,0,4660,4087,40,60,2,252.167191
187.471863,0.721987,3.147507,823.94519,1,0,1,0,0,0,0,0,0,4660,4087,40,60,2,261.538757
189.430923,0.731969,3.271484,825.247864,1,0,1,0,0,0,0,0,0,4660,4087,40,60,2,261.146271
189.53598,0.710949,3.10936,836.357117,1,0,1,0,0,0,0,0,0,4660,4087,40,60,2,269.887421
162.275391,0.765918,5.644226,744.007263,1,0,1,0,0,0,0,0,0,4660,4087,40,60,2,213.884415
162.317322,0.766261,5.911254,732.57843,0,0,0,0,0,0,0,0,1,0,4208,0,100,2,211.672318
160.882385,0.799979,6.307983,728.483032,0,0,0,0,0,0,0,0,1,0,4208,0,100,2,201.313721
161.13324,0.738725,5.758667,737.263489,0,0,0,0,0,0,0,0,1,0,4208,0,100,2,218.15387
160.98526,0.778471,5.995178,733.749207,1,0,1,0,0,0,0,0,0,4660,4098,20,80,2,206.320572
161.046585,0.767098,5.882644,733.749207,1,0,1,0,0,0,0,0,0,4660,4098,20,80,2,208.556412
170.401382,0.715222,4.804993,797.670532,1,0,1,0,0,0,0,0,0,4660,4098,20,80,2,235.933578
172.402237,0.785656,5.33905,773.650513,1,0,1,0,0,0,0,0,0,4660,4098,20,80,2,219.783218
172.37149,0.753434,5.09491,771.286316,1,0,1,0,0,0,0,0,0,4660,4098,50,50,2,228.441162
172.420349,0.733722,4.686737,771.774902,1,0,1,0,0,0,0,0,0,4660,4098,50,50,2,236.421188
165.469116,0.723253,5.161666,754.969299,1,0,1,0,0,0,0,0,0,4660,4098,50,50,2,228.048676
173.460052,0.724906,4.686737,770.593262,1,0,1,0,0,0,0,0,0,4660,4098,50,50,2,236.349838
170.387192,0.642509,3.536605,796.377747,1,0,1,0,0,0,0,0,0,4660,4098,50,50,2,267.140259
175.410477,0.622863,3.099823,803.820129,1,0,1,0,0,0,0,0,0,4660,4098,50,50,2,281.696991
165.443817,0.695569,4.58374,770.297852,1,0,1,0,0,0,0,0,0,4660,4098,50,50,2,238.395416
160.457428,0.715654,5.169296,744.390991,1,0,1,0,0,0,0,0,0,4660,4098,50,50,2,225.527405
171.474915,0.635122,3.250503,774.83313,1,0,1,0,0,0,0,0,0,4660,4098,50,50,2,272.063812
181.414246,0.655413,3.237152,788.756348,1,0,1,0,0,0,0,0,0,4660,4098,50,50,2,273.134186
153.594543,0.657254,4.326248,756.54248,1,0,1,0,0,0,0,0,0,4660,4098,50,50,2,234.042618
148.54512,0.711582,5.739593,724.683594,1,0,1,0,0,0,0,0,0,4660,4098,50,50,2,209.484055
160.521423,0.725515,5.482101,732.387085,1,0,1,0,0,0,0,0,0,4660,4098,50,50,2,219.866455
153.523651,0.732774,6.166839,722.740173,1,0,1,0,0,0,0,0,0,4660,4098,50,50,2,210.934982
154.535751,0.706377,5.739593,705.251648,1,0,1,0,0,0,0,0,0,4660,4098,50,50,2,216.881332
153.504059,0.739748,6.111526,703.215393,1,0,1,0,0,0,0,0,0,4660,4098,50,50,2,207.938004
153.765839,0.757224,6.109618,697.402161,1,0,1,0,0,0,0,0,0,4660,4098,50,50,2,203.383057
155.671326,0.715717,5.577468,719.237183,1,0,1,0,0,0,0,0,0,4660,4098,50,50,2,217.297623
161.906708,0.723821,5.312347,721.280273,1,0,1,0,0,0,0,0,0,4730,4098,50,50,2,223.101273
163.464218,0.723875,5.236053,729.169128,1,0,1,0,0,0,0,0,0,4730,4098,50,50,2,224.980347
164.529129,0.70936,4.951859,743.522034,1,0,1,0,0,0,0,0,0,4730,4098,50,50,2,231.497589
164.467453,0.710682,4.990005,739.12323,1,0,1,0,0,0,0,0,0,4730,4098,50,50,2,230.974304
164.514191,0.710398,4.846954,753.509827,1,0,1,0,0,0,0,0,0,4730,4098,50,50,2,230.439148
164.465897,0.700578,4.715347,774.935547,1,0,1,0,0,0,0,0,0,4730,4098,50,50,2,235.69574
164.447708,0.670864,4.23088,758.999878,1,0,1,0,0,0,0,0,0,4730,4098,50,50,2,243.200058
167.43866,0.700098,4.619979,757.131226,1,0,1,0,0,0,0,0,0,4730,4098,50,50,2,239.287354
167.536911,0.676879,4.457855,769.218933,1,0,1,0,0,0,0,0,0,4730,4098,50,50,2,247.350662
167.551514,0.678604,4.288101,771.877258,1,0,1,0,0,0,0,0,0,4730,4098,50,50,2,244.817474
166.423538,0.751628,5.09491,742.438782,1,0,1,0,0,0,0,0,0,4730,4098,50,50,2,223.446182
166.443161,0.668097,4.221344,777.199402,1,0,1,0,0,0,0,0,0,4730,4098,50,50,2,250.859009
166.458328,0.635542,3.507996,810.18689,1,0,1,0,0,0,0,0,0,4730,4098,50,50,2,263.72702
166.527542,0.623997,3.460312,815.26532,1,0,1,0,0,0,0,0,0,4730,4098,50,50,2,267.306702
166.498062,0.641739,3.973388,799.455994,1,0,1,0,0,0,0,0,0,4730,4098,50,50,2,258.55365
166.421112,0.653207,3.98674,789.943665,1,0,1,0,0,0,0,0,0,4730,4098,50,50,2,254.510086
171.253143,0.656084,3.910446,784.900146,1,0,1,0,0,0,0,0,0,4730,4098,50,50,2,262.466339
171.410965,0.647878,3.775024,813.17334,1,0,1,0,0,0,0,0,0,4730,4098,50,50,2,267.651581
171.500092,0.631462,3.393554,807.202942,1,0,1,0,0,0,0,0,0,4730,4098,50,50,2,269.269012
171.424759,0.600746,2.985382,807.501221,1,0,1,0,0,0,0,0,0,4730,4098,50,50,2,281.792114
171.432159,0.615012,3.071213,826.043457,1,0,1,0,0,0,0,0,0,4730,4098,50,50,2,276.024109
171.385895,0.635813,3.431701,814.368591,1,0,1,0,0,0,0,0,0,4730,4098,50,50,2,266.890442
171.413879,0.657384,3.925705,824.244812,1,0,1,0,0,0,0,0,0,4730,4098,50,50,2,262.763672
171.483017,0.637284,3.403091,830.844238,1,0,1,0,0,0,0,0,0,4730,4098,50,50,2,267.901398
171.48877,0.647401,3.689194,829.343262,1,0,1,0,0,0,0,0,0,4730,4098,50,50,2,263.370209
181.150574,0.701085,3.849411,833.247009,1,0,1,0,0,0,0,0,0,4730,4098,50,50,2,256.163177
176.402283,0.648069,3.261947,838.057617,1,0,1,0,0,0,0,0,0,4730,4098,50,50,2,270.874573
182.482849,0.658258,2.519989,850.112915,1,0,1,0,0,0,0,0,0,4730,4098,50,50,2,274.787262
183.360947,0.662355,2.121353,833.247009,1,0,1,0,0,0,0,0,0,4730,4098,50,50,2,277.57019
183.483597,0.663136,1.74179,808.097839,1,0,1,0,0,0,0,0,0,4730,4098,50,50,2,277.784241
183.329453,0.673132,2.312088,847.396851,1,0,1,0,0,0,0,0,0,4730,4098,50,50,2,275.001343
183.445984,0.664571,2.415085,846.793518,1,0,1,0,0,0,0,0,0,4730,4098,50,50,2,277.784241
183.407684,0.65447,2.216721,862.512817,1,0,1,0,0,0,0,0,0,4730,4098,50,50,2,279.520599
183.38945,0.663096,2.701187,856.458557,1,0,1,0,0,0,0,0,0,4730,4098,50,50,2,276.642548
183.471237,0.663985,2.483749,855.249023,1,0,1,0,0,0,0,0,0,4730,4098,50,50,2,275.667328
183.234222,0.662797,2.348327,869.791687,1,0,1,0,0,0,0,0,0,4730,4098,50,50,2,276.38089
183.483154,0.659498,2.684021,864.634277,1,0,1,0,0,0,0,0,0,4730,4098,50,50,2,274.727783
183.367355,0.669124,2.617263,871.006287,1,0,0,0,0,0,1,0,0,4676,4066,25,75,2,273.800201
183.476761,0.684423,3.19519,837.756714,1,0,0,0,0,0,1,0,0,4676,4066,25,75,2,268.995483
183.370682,0.662391,2.512359,816.162292,1,0,0,0,0,0,1,0,0,4676,4066,25,75,2,275.798187
181.195343,0.64521,2.413177,783.817078,1,0,0,0,0,0,1,0,0,4676,4066,25,75,2,276.499817
183.427032,0.656064,2.806091,795.394348,1,0,0,0,0,0,1,0,0,4676,4066,25,75,2,277.391815
178.266357,0.691384,3.679657,792.719482,1,0,0,0,0,0,1,0,0,4676,4066,25,75,2,256.353455
181.019302,0.739994,3.963852,785.002808,1,0,0,0,0,0,1,0,0,4676,4066,25,75,2,243.449783
162.494766,0.675017,4.64859,768.435425,1,0,0,0,0,0,1,0,0,4676,4066,25,75,2,241.249634
176.95256,0.711369,4.068756,799.261536,1,0,0,0,0,0,1,0,0,4676,4066,25,75,2,248.599396
176.940582,0.662789,3.179931,808.797974,1,0,0,0,0,0,1,0,0,4676,4066,25,75,2,265.225494
177.129822,0.700348,3.858948,798.368713,1,0,0,0,0,0,1,0,0,4676,4066,25,75,2,253.820297
177.121155,0.695395,3.820801,814.17334,1,0,0,0,0,0,1,0,0,4676,4066,25,75,2,253.451614
177.179398,0.727069,4.345322,795.097107,1,0,0,0,0,0,1,0,0,4676,4066,25,75,2,243.568741
176.3853,0.680346,3.878021,808.797974,1,0,0,0,0,0,1,0,0,4676,4066,25,75,2,258.363342
176.351761,0.695304,4.049683,810.588867,1,0,1,0,0,0,0,0,0,4676,4076,50,50,2,256.496185
176.418594,0.716765,4.059219,806.709778,1,0,1,0,0,0,0,0,0,4676,4076,50,50,2,244.936432
136.594818,0.687108,6.69899,693.816895,1,0,1,0,0,0,0,0,0,4676,4076,50,50,2,197.246384
151.414047,0.777711,5.978012,698.07251,1,0,1,0,0,0,0,0,0,4676,4076,50,50,2,195.177032
151.508148,0.790703,6.090545,714.077454,1,0,1,0,0,0,0,0,0,4676,4076,50,50,2,193.488297
151.507538,0.74434,5.436325,715.243469,1,0,1,0,0,0,0,0,0,4676,4076,50,50,2,202.88356
156.375992,0.762222,5.609894,713.102173,1,0,1,0,0,0,0,0,0,4676,4076,50,50,2,204.191772
166.43988,0.783206,4.913712,722.728821,1,0,1,0,0,0,0,0,0,4676,4076,50,50,2,213.943878
166.372635,0.761039,4.684829,721.560852,1,0,1,0,0,0,0,0,0,4676,4076,50,50,2,218.367981
166.397659,0.744108,4.82788,725.649963,1,0,0,0,0,0,1,0,0,4676,4066,50,50,2,223.160736
166.441467,0.77732,5.066299,718.350647,1,0,0,0,0,0,1,0,0,4676,4066,50,50,2,214.966629
166.459946,0.759551,4.703903,735.596069,1,0,0,0,0,0,1,0,0,4676,4066,50,50,2,218.986359
166.398895,0.754267,5.073929,740.092773,1,0,0,0,0,0,1,0,0,4676,4066,50,50,2,220.603821
166.449158,0.743006,5.417251,742.438782,1,0,0,0,0,0,1,0,0,4676,4066,50,50,2,225.301422
166.393143,0.743196,5.524063,751.541931,1,0,0,0,0,0,1,0,0,4676,4066,50,50,2,224.314362
188.802109,0.722497,3.204727,824.844299,1,0,0,0,0,0,1,0,0,4676,4066,50,50,2,261.538757
195.474609,0.707731,2.596282,851.320679,1,0,0,0,0,0,1,0,0,4676,4066,50,50,2,276.832825
195.589447,0.675458,1.703644,836.252869,1,0,0,0,0,0,1,0,0,4676,4066,50,50,2,287.940674
195.612106,0.684864,1.467132,838.057617,1,0,0,0,0,0,1,0,0,4676,4066,50,50,2,289.30835
195.458801,0.684518,2.046967,836.553589,1,0,0,0,0,0,1,0,0,4676,4066,50,50,2,285.19342
177.582672,0.610311,3.233337,819.752197,1,0,0,0,0,0,1,0,0,4676,4066,50,50,2,288.796936
177.557892,0.620347,3.347778,820.65033,1,0,0,0,0,0,1,0,0,4676,4066,50,50,2,285.241028
181.603943,0.640806,3.401184,836.85437,1,0,1,0,0,0,0,0,0,4676,4076,50,50,2,283.30249
181.551498,0.640714,3.431701,835.65155,1,0,1,0,0,0,0,0,0,4676,4076,50,50,2,281.792114
181.684326,0.651031,3.73497,840.164307,1,0,1,0,0,0,0,0,0,4676,4076,50,50,2,276.535492
181.558014,0.667521,3.565216,852.528992,1,0,1,0,0,0,0,0,0,4676,4076,50,50,2,271.707031
175.707382,0.66724,4.125976,845.888855,1,0,1,0,0,0,0,0,0,4676,4076,50,50,2,262.299866
155.386078,0.699882,5.730056,809.784973,1,0,1,0,0,0,0,0,0,4676,4076,50,50,2,221.507645
170.624832,0.651308,4.154587,856.656311,1,0,1,0,0,0,0,0,0,4676,4076,50,50,2,262.216614
170.527771,0.631226,4.068756,861.196228,1,0,1,0,0,0,0,0,0,4676,4076,50,50,2,269.376099
170.582962,0.651138,3.786468,880.328613,1,0,1,0,0,0,0,0,0,4676,4076,50,50,2,264.940033
170.579987,0.640894,3.944778,821.444946,1,0,1,0,0,0,0,0,0,4676,4076,50,50,2,264.42868
168.564468,0.713725,4.974746,789.053162,1,0,1,0,0,0,0,0,0,4676,4076,50,50,2,234.280502
165.560516,0.733939,4.837417,786.382813,1,0,1,0,0,0,0,0,0,4676,4076,50,50,2,224.326248
165.53891,0.726515,4.665756,791.725342,1,0,1,0,0,0,0,0,0,4676,4076,50,50,2,229.333099
165.566879,0.726914,5.21698,810.485474,1,0,1,0,0,0,0,0,0,4676,4076,50,50,2,228.690887
199.468689,0.707338,2.472305,883.7854,1,0,1,0,0,0,0,0,0,4676,4076,50,50,2,284.123108
199.461487,0.697969,2.350235,871.006287,1,0,1,0,0,0,0,0,0,4660,4076,50,50,2,288.154724
199.621857,0.688475,2.197647,879.520569,1,0,1,0,0,0,0,0,0,4660,4076,50,50,2,289.439148
199.497284,0.678665,1.833343,878.607239,1,0,1,0,0,0,0,0,0,4660,4076,50,50,2,294.981201
199.553299,0.688543,1.894379,871.613831,1,0,1,0,0,0,0,0,0,4660,4076,50,50,2,288.535309
199.430954,0.688309,2.025986,878.911682,1,0,1,0,0,0,0,0,0,4660,4076,50,50,2,288.832642
199.523621,0.678247,1.5625,863.724854,1,0,1,0,0,0,0,0,0,4660,4076,50,50,2,292.769165
199.553574,0.675766,1.68457,883.175781,1,0,1,0,0,0,0,0,0,4660,4076,50,50,2,293.470825
199.519058,0.758869,2.937698,875.670349,1,0,1,0,0,0,0,0,0,4660,4076,50,50,2,265.582245
194.559265,0.784593,3.527069,838.46283,1,0,1,0,0,0,0,0,0,4660,4076,50,50,2,247.885834
194.590088,0.721367,2.634429,887.245667,1,0,1,0,0,0,0,0,0,4660,4076,50,50,2,269.732849
197.10611,0.670413,1.371765,877.799805,1,0,1,0,0,0,0,0,0,4660,4076,50,50,2,294.707672
180.559372,0.619317,2.701187,882.976624,1,0,1,0,0,0,0,0,0,4660,4076,50,50,2,291.234985
168.599167,0.652852,3.64151,864.634277,1,0,1,0,0,0,0,0,0,4660,4076,50,50,2,258.648743
170.583344,0.66048,4.333877,846.492004,1,0,1,0,0,0,0,0,0,4660,4076,50,50,2,261.931183
175.513504,0.649646,3.631973,844.2771,1,0,0,0,0,0,1,0,0,4660,4066,50,50,2,268.460297
175.573059,0.661227,3.515625,845.181458,1,0,0,0,0,0,1,0,0,4660,4066,50,50,2,267.401855
175.567017,0.650809,3.336334,840.361145,1,0,0,0,0,0,1,0,0,4660,4066,50,50,2,270.815094
175.504639,0.65205,3.26004,833.743958,1,0,0,0,0,0,1,0,0,4660,4066,50,50,2,268.912262
175.601242,0.651736,3.071213,815.161865,1,0,0,0,0,0,1,0,0,4660,4066,50,50,2,269.863647
175.473434,0.641958,3.111267,808.786316,1,0,0,0,0,0,1,0,0,4660,4066,50,50,2,272.361145
175.578781,0.642762,3.042602,819.947998,1,0,0,0,0,0,1,0,0,4660,4066,50,50,2,272.753601
175.675446,0.632465,2.994918,832.24176,1,0,0,0,0,0,1,0,0,4660,4066,50,50,2,280.674164
175.616379,0.623038,3.433609,832.542175,1,0,0,0,0,0,1,0,0,4660,4066,50,50,2,279.865479
175.566788,0.623023,3.385925,840.662231,1,0,0,0,0,0,1,0,0,4660,4066,50,50,2,279.722778
175.512726,0.632965,3.431701,852.726501,1,0,0,0,0,0,1,0,0,4660,4066,50,50,2,277.332336
175.499451,0.642634,3.689194,838.254272,0,0,0,0,0,0,0,0,1,0,4115,0,100,2,271.516785
175.578888,0.644325,3.67012,847.698547,0,0,0,0,0,0,0,0,1,0,4115,0,100,2,272.694153
175.560852,0.644987,3.582382,850.112915,0,0,0,0,0,0,0,0,1,0,4115,0,100,2,273.479065
175.520813,0.656501,3.450775,855.551392,0,0,0,0,0,0,0,0,1,0,4115,0,100,2,269.875549
175.554291,0.625573,3.546143,851.622742,0,0,0,0,0,0,0,0,1,0,4115,0,100,2,277.98645
175.645264,0.624534,3.591919,868.577515,0,0,0,0,0,0,0,0,1,0,4115,0,100,2,279.163818
175.599472,0.625201,3.631973,862.815796,0,0,0,0,0,0,0,0,1,0,4115,0,100,2,280.400665
175.604919,0.626184,3.385925,859.484375,1,0,0,1,0,0,0,0,0,4660,4516,50,50,2,282.45813
175.599655,0.642607,3.507996,867.060364,1,0,0,1,0,0,0,0,0,4660,4516,50,50,2,276.404694
179.572052,0.632353,3.261947,844.38147,1,0,0,1,0,0,0,0,0,4660,4516,50,50,2,288.035797
181.463974,0.632469,2.624893,824.244812,1,0,0,1,0,0,0,0,0,4660,4516,50,50,2,289.177521
181.531921,0.632106,3.269577,849.207336,1,0,0,1,0,0,0,0,0,4660,4516,50,50,2,288.832642
181.622147,0.635897,3.128433,844.880005,1,0,0,1,0,0,0,0,0,4660,4516,50,50,2,284.967468
181.501129,0.637638,3.347778,852.424377,1,0,0,1,0,0,0,0,0,4660,4516,50,50,2,284.896118
181.616104,0.641645,3.298187,880.633057,1,0,0,1,0,0,0,0,0,4660,4516,50,50,2,283.980377
181.423492,0.6512,3.67012,876.875122,1,0,0,1,0,0,0,0,0,4660,4516,50,50,2,276.261963
181.663086,0.662108,3.544235,898.235046,1,0,0,1,0,0,0,0,0,4660,4516,50,50,2,271.219452
181.455032,0.661713,3.374481,887.750183,1,0,0,1,0,0,0,0,0,4660,4516,50,50,2,277.130127
181.442261,0.651546,3.336334,889.487915,1,0,0,1,0,0,0,0,0,4660,4516,50,50,2,279.413544
181.548309,0.643795,3.412628,843.187866,1,0,0,1,0,0,0,0,0,4660,4516,50,50,2,280.079529
181.523331,0.654488,3.481293,815.874939,1,0,0,1,0,0,0,0,0,4660,4516,50,50,2,278.842712
181.643799,0.654768,3.137969,836.461243,1,0,0,1,0,0,0,0,0,4660,4516,50,50,2,277.486938
181.581055,0.644171,3.237152,844.288879,1,0,0,1,0,0,0,0,0,4660,4516,50,50,2,282.267792
181.595444,0.675319,3.593826,838.266052,1,0,0,1,0,0,0,0,0,4660,4516,50,50,2,268.924133
181.514023,0.666226,3.784561,860.602417,1,0,0,1,0,0,0,0,0,4660,4516,50,50,2,276.59494
181.531097,0.655937,3.820801,856.365662,1,0,0,1,0,0,0,0,0,4660,4516,50,50,2,278.117249
181.498077,0.645364,3.622436,860.602417,1,0,0,1,0,0,0,0,0,4660,4516,50,50,2,280.912018
181.510284,0.648864,3.887558,856.668091,1,0,0,1,0,0,0,0,0,4660,4516,50,50,2,277.142029
181.554489,0.659357,3.708267,871.824219,1,0,0,1,0,0,0,0,0,4660,4516,50,50,2,276.761475
181.542725,0.659268,4.097366,871.824219,1,0,0,1,0,0,0,0,0,4660,4516,50,50,2,274.323486
181.55307,0.713652,4.894638,863.328735,1,0,0,1,0,0,0,0,0,4660,4516,50,50,2,254.902542
181.533249,0.672214,4.200363,880.234985,1,0,0,1,0,0,0,0,0,4660,4516,50,50,2,270.886444
181.628815,0.631365,3.525162,871.520447,1,0,0,1,0,0,0,0,0,4660,4516,50,50,2,289.332123
181.557678,0.621069,3.328704,886.436157,1,0,0,1,0,0,0,0,0,4660,4516,50,50,2,295.028778
181.518799,0.611006,3.147507,876.489258,1,0,0,1,0,0,0,0,0,4660,4516,50,50,2,296.289398
181.449554,0.606646,2.767944,892.648071,1,0,0,1,0,0,0,0,0,4660,4516,50,50,2,297.169464
179.590363,0.627144,3.395462,875.576782,1,0,0,1,0,0,0,0,0,4660,4516,50,50,2,287.131958
137.968384,0.510737,4.955673,875.576782,1,0,0,1,0,0,0,0,0,4660,4516,50,50,2,270.363159
184.537506,0.640166,2.302551,881.054993,1,0,0,1,0,0,0,0,0,4660,4516,50,50,2,292.293427
184.561493,0.640159,2.28157,884.606323,1,0,0,1,0,0,0,0,0,4660,4516,50,50,2,289.177521
184.523926,0.64018,2.279663,895.293579,1,0,0,1,0,0,0,0,0,4660,4516,50,50,2,290.973328
184.639435,0.640007,2.273941,890.204285,1,0,0,1,0,0,0,0,0,4660,4516,50,50,2,289.926758
179.02774,0.626843,2.596282,915.333252,1,0,0,1,0,0,0,0,0,4660,4516,50,50,2,289.237
179.172974,0.63722,3.025436,920.458252,1,0,0,1,0,0,0,0,0,4660,4516,50,50,2,283.254913
178.996338,0.650756,3.132248,876.383911,1,0,1,0,0,0,0,0,0,4716,4466,50,50,2,273.669312
179.126007,0.650519,2.787017,838.86792,1,0,1,0,0,0,0,0,0,4716,4466,50,50,2,274.323486
191.978256,0.681161,1.579666,878.209473,1,0,1,0,0,0,0,0,0,4716,4466,50,50,2,281.138
191.985931,0.670709,1.722717,880.141357,1,0,1,0,0,0,0,0,0,4716,4466,50,50,2,283.492767
191.928528,0.660356,2.119445,902.440308,1,0,1,0,0,0,0,0,0,4716,4466,50,50,2,290.830627
192.060638,0.655593,2.027893,890.815063,1,0,1,0,0,0,0,0,0,4716,4466,50,50,2,292.24585
190.623871,0.655826,2.251053,921.180969,1,0,1,0,0,0,0,0,0,4716,4466,50,50,2,291.104156
176.230911,0.677375,3.660583,944.35437,1,0,1,0,0,0,0,0,0,4716,4466,50,50,2,260.182953
175.169479,0.668475,3.822708,940.0177,1,0,1,0,0,0,0,0,0,4716,4466,50,50,2,262.038208
175.490143,0.682291,4.301453,931.359558,1,0,1,0,0,0,0,0,0,4716,4466,50,50,2,255.295029
175.080566,0.685517,4.280472,951.178772,1,0,1,0,0,0,0,0,0,4716,4466,50,50,2,256.936188
174.983948,0.672238,4.066849,954.28479,1,0,1,0,0,0,0,0,0,4716,4466,50,50,2,259.60022
175.284271,0.65975,3.944778,966.109802,1,0,1,0,0,0,0,0,0,4716,4466,50,50,2,264.083771
175.697693,0.67041,3.849411,968.291809,1,0,1,0,0,0,0,0,0,4716,4466,50,50,2,261.562531
177.400314,0.670121,3.755951,969.227417,1,0,0,0,0,0,1,0,0,4716,4069,25,75,2,262.561493
177.347885,0.671046,3.395462,950.868286,1,0,0,0,0,0,1,0,0,4716,4069,25,75,2,264.904388
177.379425,0.670475,3.460312,941.565918,1,0,0,0,0,0,1,0,0,4716,4069,25,75,2,264.714081
176.46991,0.669972,3.507996,971.927185,1,0,0,0,0,0,1,0,0,4716,4069,25,75,2,262.799347
177.152908,0.671299,3.811264,984.429016,1,0,0,0,0,0,1,0,0,4716,4069,25,75,2,263.417755
177.539093,0.690926,3.982925,973.80011,1,0,0,0,0,0,1,0,0,4716,4069,25,75,2,257.887665
176.565933,0.690384,3.822708,982.238586,1,0,0,0,0,0,1,0,0,4716,4069,25,75,2,258.446594
176.299454,0.678791,3.73497,985.572815,1,0,0,0,0,0,1,0,0,4716,4069,25,75,2,259.992645
177.745636,0.678658,3.593826,986.512146,1,0,0,0,0,0,1,0,0,4716,4069,25,75,2,260.93219
177.128494,0.684046,3.47557,999.684021,1,0,0,0,0,0,1,0,0,4716,4069,25,75,2,260.44458
177.631653,0.703928,3.099823,870.807861,1,0,0,0,0,0,1,0,0,4716,4069,25,75,2,253.689484
177.869507,0.695313,3.416443,867.573914,1,0,0,0,0,0,1,0,0,4716,4069,25,75,2,256.936188
178.152557,0.695894,3.736877,902.640625,0,0,0,0,0,0,1,0,0,0,4069,0,100,2,256.234528
178.202454,0.694908,4.23088,923.231018,0,0,0,0,0,0,1,0,0,0,4069,0,100,2,258.577393
179.382843,0.674496,4.14505,937.744202,0,0,0,0,0,0,1,0,0,0,4069,0,100,2,267.08075
179.081192,0.664457,4.040145,947.657654,0,0,0,0,0,0,1,0,0,0,4069,0,100,2,267.841919
179.388809,0.664402,4.003906,961.018799,0,0,0,0,0,0,1,0,0,0,4069,0,100,2,268.008392
179.500259,0.696452,3.925705,972.347412,0,0,0,0,0,0,1,0,0,0,4069,0,100,2,257.245453
179.462219,0.698542,3.992462,971.411072,0,0,0,0,0,0,1,0,0,0,4069,0,100,2,257.01947
179.415939,0.688642,4.14505,964.240356,0,0,0,0,0,0,1,0,0,0,4069,0,100,2,259.612091
179.410492,0.706988,3.878021,957.393188,0,0,0,0,0,0,1,0,0,0,4069,0,100,2,253.368378
179.461914,0.789585,4.904175,895.093689,0,0,0,0,0,0,1,0,0,0,4069,0,100,2,228.167587
178.402649,0.704689,4.005814,932.286194,0,0,0,0,0,0,1,0,0,0,4069,0,100,2,252.33371
178.390625,0.700151,4.154587,929.198059,0,0,0,0,0,0,1,0,0,0,4069,0,100,2,255.306915
181.246933,0.688789,3.708267,935.686157,0,0,0,0,0,0,1,0,0,0,4069,0,100,2,261.265198
182.125748,0.679661,3.185653,932.904175,0,0,0,0,0,0,1,0,0,0,4069,0,100,2,267.318634
182.053497,0.679584,3.725433,941.45874,0,0,0,0,0,0,1,0,0,0,4069,0,100,2,269.376099
181.136597,0.686652,4.166031,936.506836,0,0,0,0,0,0,1,0,0,0,4069,0,100,2,264.404877
178.228424,0.702479,4.581832,942.590393,0,0,0,0,0,0,1,0,0,0,4069,0,100,2,253.844101
180.772858,0.682109,3.309631,945.999573,0,0,0,0,0,0,1,0,0,0,4069,0,100,2,268.044067
182.085693,0.661165,2.455139,904.680176,0,0,0,0,0,0,1,0,0,0,4069,0,100,2,272.694153
181.871902,0.681998,2.937698,905.187195,0,0,0,0,0,0,1,0,0,0,4069,0,100,2,267.615936
181.7686,0.682222,2.977752,900.59021,0,0,0,0,0,0,1,0,0,0,4069,0,100,2,266.616943
181.578033,0.692867,3.033066,922.709351,0,0,0,0,0,0,1,0,0,0,4069,0,100,2,264.250305
181.81781,0.682399,2.890014,937.529846,0,0,0,0,0,0,1,0,0,0,4069,0,100,2,264.797333
180.123657,0.672242,2.758408,826.643188,0,0,0,0,0,0,1,0,0,0,4069,0,100,2,266.24823
180.417877,0.672472,2.777481,824.348694,1,0,1,0,0,0,0,0,0,4658,4466,50,50,2,266.961823
180.422699,0.662762,2.293014,851.727417,1,0,1,0,0,0,0,0,0,4658,4466,50,50,2,270.315582
180.401978,0.672974,2.705002,858.378601,1,0,1,0,0,0,0,0,0,4658,4466,50,50,2,270.541534
180.461517,0.706767,4.040145,881.453247,1,0,1,0,0,0,0,0,0,4658,4466,50,50,2,254.973892
180.362793,0.77663,4.600906,860.800415,1,0,1,0,0,0,0,0,0,4658,4466,50,50,2,233.174454
180.340607,0.838468,4.782104,850.925964,1,0,1,0,0,0,0,0,0,4658,4466,50,50,2,214.407639
179.376587,0.858155,5.15213,830.451782,1,0,1,0,0,0,0,0,0,4658,4466,50,50,2,209.424591
179.405655,0.762451,4.25949,870.913086,1,0,1,0,0,0,0,0,0,4658,4466,50,50,2,234.339966
179.401581,0.698845,3.944778,883.996582,1,0,1,0,0,0,0,0,0,4658,4466,50,50,2,253.974915
179.417496,0.658043,3.498459,871.824219,1,0,1,0,0,0,0,0,0,4658,4466,50,50,2,273.752625
179.419724,0.637397,3.441238,878.818237,1,0,1,0,0,0,0,0,0,4658,4466,50,50,2,279.722778
180.028717,0.722125,4.568481,856.063293,1,0,1,0,0,0,0,0,0,4658,4466,50,50,2,250.359512
175.732483,0.808554,4.980468,830.15155,1,0,1,0,0,0,0,0,0,4658,4466,50,50,2,218.356094
179.408447,0.7541,3.937149,847.907593,1,0,1,0,0,0,0,0,0,4658,4466,50,50,2,236.789841
179.380096,0.753934,4.059219,858.983887,1,0,1,0,0,0,0,0,0,4658,4466,50,50,2,236.706604
174.406403,0.788092,4.497909,823.150085,1,0,1,0,0,0,0,0,0,4658,4466,50,50,2,221.888184
173.030655,0.864231,5.142593,812.575867,1,0,1,0,0,0,0,0,0,4658,4466,50,50,2,202.574371
174.424438,0.804401,4.627609,820.949768,1,0,1,0,0,0,0,0,0,4658,4466,50,50,2,216.51268
178.455093,0.786048,4.125976,841.669861,1,0,1,0,0,0,0,0,0,4658,4466,50,50,2,228.345978
175.470306,0.773188,4.619979,839.562256,1,0,1,0,0,0,0,0,0,4658,4466,50,50,2,226.8237
175.444977,0.747725,4.562759,840.766418,1,0,1,0,0,0,0,0,0,4658,4466,50,50,2,234.137741
175.455505,0.749045,4.450225,844.578491,1,0,1,0,0,0,0,0,0,4658,4466,50,50,2,234.423187
170.51123,0.756553,4.888916,827.842957,0,0,0,1,0,0,0,0,0,0,4516,0,100,2,226.371811
177.339508,0.691084,3.746414,878.501953,0,0,0,1,0,0,0,0,0,0,4516,0,100,2,258.482269
177.584351,0.722532,4.524612,853.632935,0,0,0,1,0,0,0,0,0,0,4516,0,100,2,245.649994
180.168686,0.700817,4.23088,886.729187,0,0,0,1,0,0,0,0,0,0,4516,0,100,2,256.650818
180.103394,0.79696,4.885101,850.612183,0,0,0,1,0,0,0,0,0,0,4516,0,100,2,224.93277
180.218933,0.725588,3.479385,859.181641,0,0,0,1,0,0,0,0,0,0,4516,0,100,2,247.386307
175.109818,0.794129,4.164123,852.528992,0,0,0,1,0,0,0,0,0,0,4516,0,100,2,220.223221
173.392502,0.872324,4.278564,825.443848,0,0,0,1,0,0,0,0,0,0,4516,0,100,2,199.862823
173.392502,0.972825,5.407715,784.603638,0,0,1,0,0,0,0,0,0,0,4475,0,100,2,177.920624
173.625031,0.888603,4.789733,810.485474,0,0,1,0,0,0,0,0,0,0,4475,0,100,2,196.449585
180.187332,0.863648,4.448318,829.643433,0,0,1,0,0,0,0,0,0,0,4475,0,100,2,208.033127
180.589096,0.796535,3.870391,862.512817,0,0,1,0,0,0,0,0,0,0,4475,0,100,2,226.419357
170.433578,0.735398,3.937149,857.063599,0,0,1,0,0,0,0,0,0,0,4475,0,100,2,231.081329
167.022415,0.739604,4.457855,840.164307,0,0,1,0,0,0,0,0,0,0,4475,0,100,2,224.956573
169.406708,0.69087,3.868484,865.240601,1,0,1,0,0,0,0,0,0,4658,4475,50,50,2,245.459702
168.21521,0.762042,4.410172,850.716797,1,0,1,0,0,0,0,0,0,4658,4475,50,50,2,223.125046
171.488083,0.810574,4.410172,835.952209,1,0,1,0,0,0,0,0,0,4658,4475,50,50,2,210.970642
167.738373,0.952313,6.07338,803.522217,1,0,1,0,0,0,0,0,0,4658,4475,50,50,2,174.816635
165.730469,0.910871,5.844498,805.608582,1,0,0,0,0,0,0,1,0,4658,4073,50,50,2,181.857147
168.739471,0.889235,5.33142,833.443542,1,0,0,0,0,0,0,1,0,4658,4073,50,50,2,189.111725
168.720428,0.885902,5.363846,794.593872,1,0,0,0,0,0,0,1,0,4658,4073,50,50,2,190.907547
168.757309,0.898292,5.104446,751.146179,1,0,0,0,0,0,0,1,0,4658,4073,50,50,2,188.51709
166.707809,0.779364,4.171753,785.880859,1,0,0,0,0,0,0,1,0,4658,4073,50,50,2,212.088577
166.736588,0.737522,4.290008,823.138428,1,0,0,0,0,0,0,1,0,0,4073,0,100,2,224.873306
166.687561,0.75032,4.496002,829.135498,0,0,0,0,0,0,0,1,0,0,4073,0,100,2,221.448181
164.788773,0.888744,5.617523,757.029297,0,0,0,0,0,0,0,1,0,0,4073,0,100,2,186.364517
160.13382,0.933859,6.204986,721.268982,0,0,0,0,0,0,0,1,0,0,4073,0,100,2,172.461838
154.136688,0.960877,6.927871,722.728821,0,0,0,0,0,0,0,1,0,0,4073,0,100,2,160.711807
152.411133,0.877919,6.479644,739.991272,0,0,0,0,0,0,1,1,0,0,4071,0,100,2,173.425171
159.655991,0.930645,6.472015,732.668396,0,0,0,0,0,0,1,1,0,0,4071,0,100,2,171.891006
156.491745,0.796028,5.312347,773.84375,0,0,0,0,0,0,1,1,0,0,4071,0,100,2,194.261322
157.49469,0.868082,5.72052,755.263428,0,0,0,0,0,0,1,1,0,0,4071,0,100,2,182.11879
153.130402,0.881588,6.376647,717.576477,0,0,0,0,0,0,1,1,0,0,4071,0,100,2,173.77005
156.929825,0.872533,6.004715,737.162048,0,0,0,0,0,0,1,1,0,0,4071,0,100,2,178.776901
156.961121,0.893453,6.119155,734.526123,0,0,0,0,0,0,1,1,0,0,4071,0,100,2,175.779953
159.4758,0.793795,5.201721,773.650513,0,0,0,0,0,0,1,1,0,0,4071,0,100,2,198.007523
171.507202,0.70633,3.479385,856.156128,0,0,0,0,0,0,1,1,0,0,4071,0,100,2,243.211945
171.147079,0.764117,3.775024,832.946655,1,0,0,0,0,0,0,1,0,4658,4073,50,50,2,225.0755
169.461716,0.679245,3.334427,860.089905,1,0,0,0,0,0,0,1,0,4658,4073,50,50,2,249.955185
176.45166,0.776686,3.830337,847.594055,1,0,0,0,0,0,0,1,0,4658,4073,50,50,2,227.346985
176.410309,0.702537,2.834701,875.459656,1,0,0,0,0,0,0,1,0,4658,4073,50,50,2,250.668747
176.457657,0.704041,3.233337,870.293823,1,0,0,0,0,0,0,1,0,4658,4073,50,50,2,251.750961
176.448898,0.705315,3.139877,877.89325,1,0,0,0,0,0,0,1,0,4658,4073,50,50,2,247.933411
176.495682,0.693144,2.901459,875.155579,1,0,0,0,0,0,0,1,0,4658,4073,50,50,2,256.38913
176.488693,0.670733,2.701187,885.403625,1,0,0,0,0,0,0,1,0,4658,4073,50,50,2,260.670532
177.51886,0.695801,2.66304,872.618652,1,0,0,0,0,0,0,1,0,4658,4073,50,50,2,255.473419
177.388306,0.702235,2.453231,872.922546,1,0,0,0,0,0,0,1,0,4658,4073,50,50,2,255.711288
199.156754,0.71223,1.27449,826.435547,1,0,0,0,0,0,0,1,0,4658,4073,50,50,2,279.437317
186.500717,0.681901,2.777481,860.788574,1,0,0,0,0,0,0,1,0,4658,4073,50,50,2,275.512726
186.421875,0.692293,2.947235,857.761658,1,0,0,0,0,0,0,1,0,4658,4073,50,50,2,267.497009
186.476547,0.67216,2.638244,839.955872,1,0,1,0,0,0,0,0,0,4694,4475,50,50,2,273.716888
186.439102,0.682193,2.567673,813.563965,1,0,1,0,0,0,0,0,0,4694,4475,50,50,2,273.942871
184.691803,0.680215,3.326797,834.645569,1,0,1,0,0,0,0,0,0,4694,4475,50,50,2,269.471191
184.630615,0.691195,3.387832,844.880005,1,0,1,0,0,0,0,0,0,4694,4475,50,50,2,267.722931
179.534592,0.692785,3.872299,842.469238,1,0,1,0,0,0,0,0,0,4694,4475,50,50,2,262.097656
169.609619,0.689675,4.789733,832.24176,1,0,1,0,0,0,0,0,0,4694,4475,50,50,2,245.328857
167.556061,0.679184,4.562759,829.239319,1,0,1,0,0,0,0,0,0,4694,4475,50,50,2,246.744095
165.556488,0.698007,4.848861,819.648621,1,0,0,0,0,0,0,1,0,4694,4073,50,50,2,239.275467
164.599152,0.70447,5.161666,807.202942,1,0,0,0,0,0,0,1,0,4694,4073,50,50,2,234.875137
164.548416,0.702165,5.18074,828.443054,1,0,0,0,0,0,0,1,0,4694,4073,50,50,2,233.519363
162.599426,0.692581,5.104446,821.848083,1,0,0,0,0,0,0,1,0,4694,4073,50,50,2,235.267593
162.579208,0.678678,5.09491,828.143005,1,0,0,0,0,0,0,1,0,4694,4073,50,50,2,237.58667
180.950043,0.692128,3.851318,865.543823,0,0,0,0,0,0,1,0,0,0,4074,0,100,2,260.694305
178.922424,0.68995,3.858948,872.420044,0,0,0,0,0,0,1,0,0,0,4074,0,100,2,260.646729
177.149246,0.658641,3.69873,892.835938,0,0,0,0,0,0,1,0,0,0,4074,0,100,2,267.78241
177.637466,0.687937,3.744506,892.424561,0,0,0,0,0,0,1,0,0,0,4074,0,100,2,258.042236
177.550949,0.692072,4.097366,893.34137,0,0,0,0,0,0,1,0,0,0,4074,0,100,2,257.828217
166.799805,0.791666,5.171203,798.254089,0,0,0,0,0,0,1,0,0,0,4074,0,100,2,210.839828
185.860443,0.842129,4.980468,808.981506,0,0,0,0,0,0,1,0,0,0,4074,0,100,2,221.269806
185.907135,0.795388,4.574203,825.432251,0,0,0,0,0,0,1,0,0,0,4074,0,100,2,232.401428
185.487854,0.876692,4.866028,794.388,0,0,0,0,0,0,1,0,0,0,4074,0,100,2,209.828964
190.694458,0.938863,5.606079,752.514404,0,0,0,0,0,0,1,0,0,0,4074,0,100,2,202.800308
187.585052,0.827042,4.372024,811.174438,0,0,0,0,0,0,1,0,0,0,4074,0,100,2,225.467926
187.504669,0.827276,4.457855,805.700317,0,0,0,0,0,0,1,0,0,0,4074,0,100,2,226.359894
178.479782,0.808151,4.64859,805.104004,0,1,1,0,0,0,0,0,0,4600,4475,50,50,2,222.126099
178.454529,0.75915,4.269027,816.150696,0,1,1,0,0,0,0,0,0,4600,4475,50,50,2,235.362717
178.38681,0.716379,3.788375,838.751892,0,1,1,0,0,0,0,0,0,4600,4475,50,50,2,249.503235
178.494415,0.684709,3.679657,843.570007,0,1,1,0,0,0,0,0,0,4600,4475,50,50,2,259.18396
178.45459,0.685858,3.319168,846.283081,0,1,1,0,0,0,0,0,0,4600,4475,50,50,2,260.075928
178.494781,0.652175,3.042602,862.908936,0,1,1,0,0,0,0,0,0,4600,4475,50,50,2,271.76651
178.447159,0.641565,3.137969,878.396545,0,1,1,0,0,0,0,0,0,4600,4475,50,50,2,277.784241
178.515717,0.652573,3.099823,870.49231,0,1,1,0,0,0,0,0,0,4600,4475,50,50,2,274.192627
178.495605,0.683048,3.567123,864.121216,1,1,0,0,0,0,0,0,0,4612,0,100,0,2,262.525818
178.471634,0.637673,2.872848,893.952698,1,1,0,0,0,0,0,0,0,4612,0,100,0,2,278.47403
178.410767,0.642236,2.701187,897.317017,1,1,0,0,0,0,0,0,0,4612,0,100,0,2,276.273865
178.44516,0.652771,3.082657,880.832214,1,1,0,0,0,0,0,0,0,4612,0,100,0,2,272.824951
178.496109,0.621749,2.396011,899.153381,1,1,0,0,0,0,0,0,0,4612,0,100,0,2,288.606659
182.446625,0.631805,2.207184,898.43512,1,1,0,0,0,0,0,0,0,4612,0,100,0,2,288.416382
190.463104,0.70361,2.806091,884.582581,1,1,0,0,0,0,0,0,0,4612,0,100,0,2,269.221436
190.52153,0.742987,3.052139,880.925842,1,0,1,0,0,0,0,0,0,4624,4475,50,50,2,257.994659
190.524811,0.723383,2.748871,905.481995,1,0,1,0,0,0,0,0,0,4624,4475,50,50,2,262.835052
190.509644,0.704123,2.416992,895.069885,1,0,1,0,0,0,0,0,0,4624,4475,50,50,2,273.134186
190.468857,0.693784,2.424622,903.029297,1,0,1,0,0,0,0,0,0,4624,4475,50,50,2,277.368011
190.494812,0.694815,2.586746,869.791687,1,0,1,0,0,0,0,0,0,4624,4475,50,50,2,274.228302
190.502609,0.704763,2.235794,837.96521,1,0,1,0,0,0,0,0,0,4624,4475,50,50,2,271.159973
190.543884,0.725141,2.724075,817.669373,1,0,1,0,0,0,0,0,0,4624,4475,50,50,2,261.764679
190.44278,0.915977,4.381561,770.411621,1,0,1,0,0,0,0,0,0,4624,4475,50,50,2,208.580215
190.515167,0.939338,4.528427,785.801208,1,0,1,0,0,0,0,0,0,4624,4475,50,50,2,204.441498
190.541977,0.876338,4.305267,786.49707,1,0,1,0,0,0,0,0,0,4624,4475,50,50,2,219.949707
190.49678,0.698553,2.748871,852.041199,1,0,1,0,0,0,0,0,0,4624,4475,50,50,2,274.418579
190.375092,0.667591,2.531433,870.410828,1,0,1,0,0,0,0,0,0,4624,4475,50,50,2,285.455078
190.424744,0.676784,2.54097,878.619141,1,0,1,0,0,0,0,0,0,4624,4475,50,50,2,281.530457
190.436508,0.656267,1.922989,872.537048,1,0,1,0,0,0,0,0,0,4624,4475,50,50,2,292.614532
190.432404,0.651781,1.74179,856.668091,1,0,1,0,0,0,0,0,0,4624,4475,50,50,2,291.758209
187.276337,0.64406,2.035522,873.6474,1,0,1,0,0,0,0,0,0,4624,4475,50,50,2,289.070496
187.290039,0.69606,2.815628,851.936584,1,0,1,0,0,0,0,0,0,4624,4475,50,50,2,270.743713
187.274582,0.716727,3.300095,861.510925,1,0,1,0,0,0,0,0,0,4624,4475,50,50,2,261.598206
187.309006,0.791423,3.851318,845.59906,1,0,1,0,0,0,0,0,0,4624,4475,50,50,2,238.00293
187.295013,0.8264,3.939056,845.193237,1,0,1,0,0,0,0,0,0,4624,4475,50,50,2,227.049683
189.501434,0.85979,4.427338,825.65155,1,0,1,0,0,0,0,0,0,4624,4475,50,50,2,220.98436
189.493225,0.903254,4.825974,786.884949,1,0,1,0,0,0,0,0,0,4624,4475,50,50,2,209.115402
189.488083,0.916975,4.780197,787.284302,1,0,1,0,0,0,0,0,0,4624,4475,50,50,2,206.463303
189.512573,0.91661,4.534149,780.273499,1,0,1,0,0,0,0,0,0,4624,4475,50,50,2,206.403839
189.469681,0.915346,4.562759,792.136902,1,0,1,0,0,0,0,0,0,4624,4475,50,50,2,207.236328
189.555069,0.99926,5.009079,767.266174,1,0,1,0,0,0,0,0,0,4624,4475,50,50,2,190.37236
189.465042,1.019712,5.228424,774.651306,1,0,1,0,0,0,0,0,0,4624,4475,50,50,2,186.352631
182.842148,0.807832,3.574753,810.30188,0,0,0,0,0,0,1,0,0,0,4074,0,100,2,227.62056
188.239044,0.647786,1.846695,856.167969,0,0,0,0,0,0,1,0,0,0,4074,0,100,2,292.555084
189.685562,0.698694,2.561951,823.853088,0,0,0,0,0,0,1,0,0,0,4074,0,100,2,272.658447
185.776398,0.755741,3.57666,828.35083,0,0,0,0,0,0,1,0,0,0,4074,0,100,2,246.2565
179.435272,0.692481,3.170395,854.051697,0,0,0,0,0,0,1,0,0,0,4074,0,100,2,261.277069
175.638702,0.713863,4.135513,828.050781,0,0,0,0,0,0,1,0,0,0,4074,0,100,2,243.663895
175.553406,0.747475,4.524612,819.660339,0,0,0,0,0,0,1,0,0,0,4074,0,100,2,234.696732
175.605606,0.736902,4.400635,835.859802,0,0,0,0,0,0,1,0,0,0,4074,0,100,2,238.657028
175.581116,0.747869,4.412078,831.652832,0,0,1,1,0,0,0,0,0,0,4494,0,100,2,235.648163
179.592865,0.848714,5.21698,794.011047,0,0,1,1,0,0,0,0,0,0,4494,0,100,2,211.79126
184.619003,0.8652,5.323792,813.679138,0,0,1,1,0,0,0,0,0,0,4494,0,100,2,212.195602
184.535568,0.843638,5.207443,815.173523,0,0,1,1,0,0,0,0,0,0,4494,0,100,2,218.74852
188.032074,0.94033,5.512619,781.253052,0,0,1,1,0,0,0,0,0,0,4494,0,100,2,199.76767
187.323883,0.94209,5.426788,778.588135,0,0,1,1,0,0,0,0,0,0,4494,0,100,2,199.018417
187.350662,0.810411,4.429245,817.565735,0,0,1,1,0,0,0,0,0,0,4494,0,100,2,230.367737
188.283951,0.723999,3.443146,853.94696,0,0,1,1,0,0,0,0,0,0,4494,0,100,2,257.72113
193.223297,0.681751,2.69165,838.266052,0,0,1,1,0,0,0,0,0,0,4494,0,100,2,284.705841
193.269531,0.681261,2.567673,870.913086,0,0,1,1,0,0,0,0,0,0,4494,0,100,2,284.265808
